Current(A),Radius(m),MagneticField(T)
36.4578946991,7.9813189274,9.135807009029227e-7
130.6206317049,1.4969808615,1.745120930564339e-5
73.9477430409,0.7079873550,2.088956604049563e-5
139.3214554936,5.7582465224,4.839023649022365e-6
76.1201798418,2.9101051693,5.231438412854714e-6
78.7914866989,5.8529868869,2.692351383042267e-6
10.4295553456,0.7098114279,2.938683412377057e-6
138.8785231111,4.2007745548,6.612043626760754e-6
51.6670545683,0.4604825816,2.244039476393026e-5
27.7181354788,6.2969293470,8.803699057572711e-7
11.3730242308,4.2728273264,5.323418599387086e-7
124.1531910724,0.0431037870,5.760662790889009e-4
97.7103076082,4.3602155794,4.481902595357535e-6
70.3864877210,1.9656243181,7.161743683394697e-6
103.2943900315,5.1400300631,4.019213458407601e-6
101.8585792316,1.5128362906,1.346590901644814e-5
90.7224667526,4.8922684976,3.708809800474051e-6
91.0271016446,4.9327429642,3.690729571986238e-6
78.9854119413,4.7751174561,3.308208129649307e-6
120.2020918362,7.3481935441,3.271609304114457e-6
4.5440995365,1.6424497628,5.533319361498290e-7
136.8506449476,8.5857614774,3.187851078965956e-6
91.3604676039,8.7741845453,2.082483383662019e-6
68.7283168250,1.4507924578,9.474589760260479e-6
58.9099146104,0.6803002208,1.731879920434128e-5
113.2393903572,9.0924458039,2.490845539242090e-6
58.9328044849,6.1036657631,1.931062635857765e-6
96.0645024209,3.6059591930,5.328097034850280e-6
95.4707866540,9.9161375156,1.925563991097146e-6
64.2775332458,5.3369847520,2.408758361974042e-6
100.2825255063,4.6563430232,4.307351284328606e-6
90.6082977570,6.3491983306,2.854164983949831e-6
6.9625533025,2.9706235192,4.687603970984828e-7
87.8344026863,2.1196270665,8.287722314446400e-6
18.8985856902,3.1492972529,1.200177955442083e-6
133.1687195885,0.4070765003,6.542687651480715e-5
141.7858796785,2.7958847523,1.014246953919164e-5
66.7659183635,9.8580905139,1.354540583068797e-6
64.3101968172,5.4635604439,2.354149733577069e-6
65.9789011698,3.1853215467,4.142683883066449e-6
128.0100841147,7.0054890660,3.654565239003754e-6
147.1931678776,8.0761944335,3.645112041044803e-6
76.3194450964,2.6406293758,5.780398097136721e-6
50.2486034354,2.6003588681,3.864743751412328e-6
29.7099736035,9.6743867954,6.141985891576967e-7
87.8004368933,5.3511606790,3.281547393569408e-6
2.1686754120,2.6072943163,1.663544770121554e-7
78.3438700767,3.9731851245,3.943630493968791e-6
12.0452634432,1.1159750809,2.158697564002239e-6
119.0097706694,7.2289525361,3.292586860269353e-6
10.1978013849,3.1029826689,6.572902573528838e-7
95.4733906072,5.3653111678,3.558913457966317e-6
75.9432017501,3.4324232992,4.425048726790026e-6
93.3223000503,8.5875601426,2.173429903281926e-6
56.9720711787,5.2021786687,2.190315819851766e-6
26.2451073745,3.1793858807,1.650954515050007e-6
63.4966326269,1.5625118780,8.127507191573710e-6
22.4632220773,3.6277675154,1.238404720378230e-6
6.3703794261,2.4149510439,5.275783492272711e-7
81.5254521693,0.8873809872,1.837439687099909e-5
118.1407987278,3.0666091934,7.704979100944568e-6
54.2321715962,6.7945345251,1.596346928428035e-6
145.4951948382,5.5810053189,5.213942167229658e-6
75.5360656283,2.5912259264,5.830141236054969e-6
90.3781833491,1.4504173431,1.246236936971751e-5
138.4231267797,7.4166860374,3.732748725816559e-6
63.9354808013,3.0704092655,4.164622711313928e-6
112.3086799966,9.8782256487,2.273863424267345e-6
17.4885994697,1.5849468283,2.206837372399808e-6
78.2016400345,9.5005384354,1.646257010924803e-6
61.8340752864,8.4710067910,1.459899084296500e-6
65.0971210282,1.6692132020,7.799737139503738e-6
100.5778264236,3.2418097129,6.205041956942459e-6
72.3423512298,0.8068483991,1.793208025412198e-5
41.7910365752,9.8763442734,8.462855368052919e-7
135.2013295440,7.5387672635,3.586828583983732e-6
51.4717956262,9.7717697301,1.053479503666895e-6
103.9528389881,4.3426784995,4.787498729191917e-6
47.1289078368,4.9171324785,1.916926503100319e-6
4.1596084832,6.7008633577,1.241514193372438e-7
82.7567362467,1.0912139864,1.516782909294147e-5
103.7694303179,1.6876827058,1.229726772216986e-5
88.0186208526,8.9127571131,1.975115438154941e-6
72.1677488558,5.5317055438,2.609240433496304e-6
25.3425633965,4.2794927516,1.184372301472472e-6
16.6324380781,8.7800835506,3.788674215267693e-7
104.7353858663,2.6461470329,7.916066988131266e-6
5.3049081966,2.0354815408,5.212435573701886e-7
108.6996409527,9.8111060989,2.215848852463907e-6
39.8237408160,3.8100554361,2.090454665762519e-6
116.5789942620,1.2677837758,1.839099008565697e-5
98.4813685444,9.2743590738,2.123734217336547e-6
63.1658646307,2.2244060906,5.679346491512313e-6
96.0022319789,2.1116321887,9.092703974789787e-6
3.8964195736,0.4474683261,1.741539834843532e-6
143.5138995631,0.6048263840,4.745622987230556e-5
50.0380519074,4.9069135621,2.039491883194403e-6
96.1705961873,7.2624958011,2.648417260976100e-6
48.2480283564,9.8677387075,9.778943238477390e-7
18.8455860285,7.5891987965,4.966423079403575e-7
22.2524603538,9.1612582415,4.857948497299003e-7
129.7285807860,3.1614722218,8.206846157966461e-6
97.8631704953,4.8388797487,4.044868877820082e-6
78.6782804844,5.9893046247,2.627292663007334e-6
40.7202326090,9.4559840820,8.612584847026653e-7
59.6454052246,6.7623351237,1.764047599943508e-6
46.2316368389,2.6775455089,3.453284859922870e-6
51.6735134401,1.4196992660,7.279501325153478e-6
136.6372272367,3.0557061444,8.943086853156757e-6
71.9289219316,6.8117333437,2.111912439974807e-6
112.0754138467,5.0448969235,4.443120069504087e-6
5.0699868307,3.6101673926,2.808726731666617e-7
84.3431327862,5.9418174674,2.838967479174317e-6
94.6164556710,4.9919860610,3.790733968996518e-6
37.7232602908,0.4652501548,1.621633433180731e-5
6.5727577107,6.1088336223,2.151886306633637e-7
9.7499286724,4.9015553897,3.978299905725927e-7
118.0022056715,9.9739485735,2.366208423909898e-6
78.1285053615,0.6360352038,2.456735252697665e-5
100.3865047087,3.7180458459,5.399960563629709e-6
70.4820254027,4.2232858291,3.337781445798888e-6
145.4994306906,8.4572931820,3.440803755032303e-6
124.2570511594,0.4388143545,5.663308407552105e-5
6.9357424706,4.1268195373,3.361301558224831e-7
104.7403660168,0.1469355401,1.425664150885932e-4
88.2016746311,3.0371963817,5.808098229114660e-6
145.9986293267,3.9209888113,7.447031162493194e-6
62.9112832827,8.1936114027,1.535617939161727e-6
60.7201849982,3.4144739726,3.556634813211295e-6
92.4753011965,2.5372607982,7.289380836449936e-6
99.2988548428,9.9908791213,1.987790136126800e-6
31.4932177087,7.8042188494,8.070818698512180e-7
1.0649434048,1.4663610628,1.452498203607429e-7
42.2386841101,1.2605911392,6.701409013072422e-6
81.0651698921,7.1744014842,2.259844812733158e-6
143.6039826524,8.9097978031,3.223507105888237e-6
41.1468182967,6.2683219173,1.312849558137899e-6
93.3715308844,1.7873013885,1.044832522219319e-5
62.9924985611,6.9322578104,1.817373221937954e-6
14.7222655707,8.3787018189,3.514211601976716e-7
36.2972607849,3.5767693056,2.029611511610209e-6
61.2118015558,5.4059018426,2.264628672056995e-6
78.8101922199,0.4505695978,3.498247223383058e-5
17.2041278592,1.3444082287,2.559360689979145e-6
131.2939144089,4.5858406224,5.726056582401932e-6
2.4200779371,4.0054583570,1.208390012541039e-7
82.9196322108,1.3061286907,1.269700800569156e-5
73.1572296614,4.0799473168,3.586185015705582e-6
38.1107986260,3.3367913851,2.284278171877994e-6
139.3043692565,0.7528227073,3.700854607585443e-5
135.2422015962,4.1629473198,6.497425559719747e-6
108.5019566200,7.3484097603,2.953073118098566e-6
13.8907505097,0.0092874001,2.991310870946358e-4
15.8568450635,9.9136092065,3.199005474860388e-7
29.6366184243,1.6544974281,3.582552371499845e-6
77.1021116996,2.5834502326,5.968925642743203e-6
92.6661617831,7.6102502436,2.435298677893484e-6
58.9218238701,9.0948763391,1.295714678757650e-6
3.1713641161,3.2030295892,1.980227798577380e-7
149.6361792982,7.3536277876,4.069724049679049e-6
57.8753137212,1.9158543975,6.041723608640782e-6
50.2919380144,2.3921866473,4.204683449020701e-6
45.0506533535,9.1636547701,9.832464116925611e-7
92.0242351117,8.4733829022,2.172077815282691e-6
54.7659354687,1.4492654639,7.557750713558429e-6
82.9544835217,4.9907113222,3.324355113564332e-6
45.4742386738,5.4035429214,1.683126768320594e-6
35.4604479373,0.4782421027,1.482949649905209e-5
80.9560436054,2.3255946343,6.962180116180229e-6
111.3498698658,2.2961903265,9.698662047369684e-6
120.0297704019,2.0807232211,1.153731252530820e-5
147.6838592847,3.8661042106,7.639931633587739e-6
46.4861479832,6.9227025269,1.343005792969004e-6
7.3050489247,1.0992376269,1.329111876430578e-6
42.3569860034,6.7083157942,1.262820275686471e-6
58.9457368071,2.2253277541,5.297712815466061e-6
13.0052320437,7.3359490411,3.545616789560165e-7
23.9153895408,6.7746279656,7.060281291427295e-7
79.8434803708,1.8118643571,8.813405932954192e-6
31.9592636481,5.3073564865,1.204338307765643e-6
70.0140018607,9.4732477665,1.478141469253368e-6
20.3439054504,7.5391501393,5.396869693369484e-7
81.1550332778,2.0078050781,8.083955376148097e-6
25.6063265490,1.4336191515,3.572263459620050e-6
31.4395528319,7.8053164015,8.055932960181128e-7
107.0311057943,8.2450042594,2.596265627697824e-6
129.6127746273,1.7705995316,1.464055223273861e-5
45.4953207080,4.7668113003,1.908836655872783e-6
68.9887271807,1.4081322921,9.798614457881947e-6
73.6260325726,8.4004148884,1.752914196512151e-6
35.3855894028,4.6780313209,1.512841063903381e-6
100.0727691499,6.2360275239,3.209503767129290e-6
59.8568616876,7.0236599310,1.704435074460871e-6
97.4163195815,5.8683289753,3.320070159359224e-6
38.8697405899,1.9204696697,4.047941105577552e-6
124.4999823416,1.3159791358,1.892126994266735e-5
63.6863994444,5.6316940078,2.261713770521967e-6
115.0838474468,0.7077048384,3.252312014796942e-5
122.6602618926,7.3131452594,3.354514577306471e-6
2.6464718558,6.2052470318,8.529787266279744e-8
123.2781437139,9.1308167448,2.700265423335048e-6
148.4008808590,5.7986974339,5.118421250677513e-6
107.9761651410,7.4711939438,2.890466127714239e-6
62.2056381664,7.8677129704,1.581288956535677e-6
50.6919436452,3.6353477484,2.788836015368227e-6
78.5781482407,2.5742156357,6.105016778686435e-6
34.9536893214,4.5118611581,1.549413339492552e-6
57.5165063341,3.2719775501,3.515702993263145e-6
21.0417700812,9.9528008900,4.228311269106881e-7
63.2673510481,9.6372077763,1.312980948766167e-6
124.7194699186,8.9972685459,2.772385180738744e-6
9.3579454424,2.6267900918,7.125004370749960e-7
81.3236434501,6.0821080336,2.674192664793439e-6
98.6254106157,2.3258720037,8.480725548012961e-6
99.1019588169,1.1363663330,1.744190336085443e-5
43.0789945911,2.4053616032,3.581914214836674e-6
23.2238768363,6.5287661026,7.114323433091470e-7
67.6462761086,0.2568688614,5.266989214043034e-5
58.3996132714,5.8625198147,1.992304166713934e-6
44.3034364482,1.2252580087,7.231690979849971e-6
113.7909219790,1.0346971954,2.199501892646263e-5
124.2882558399,0.9783514833,2.540768996982872e-5
113.0550930681,8.6073837936,2.626932777231438e-6
47.0799797879,1.5474066688,6.085017046639370e-6
43.0767281651,6.2455963121,1.379427232007778e-6
130.9813148761,5.2855757380,4.956179662096194e-6
71.0992836556,7.4517536606,1.908256415719661e-6
0.9198327095,0.5329488893,3.451860874128679e-7
10.1839562945,6.0333136423,3.375908132170140e-7
96.9916853072,7.1181575167,2.725190755616544e-6
121.2093269489,1.6661852388,1.454932190304993e-5
70.3032477422,8.9248143736,1.575455685670795e-6
20.6825401192,5.9065367449,7.003271464246258e-7
144.4193826544,9.6112873575,3.005203721038791e-6
103.5697941239,3.0035877223,6.896405478939978e-6
10.1650701790,7.5641262129,2.687705068087592e-7
111.8711190826,1.4356158539,1.558510499591408e-5
22.6787699075,0.8248041134,5.499189332043655e-6
107.0140335478,3.5883091400,5.964593872681411e-6
92.1410579394,9.6624261319,1.907203360347474e-6
113.2622957701,3.2804299983,6.905332278322105e-6
132.2583934536,1.4286752649,1.851482932501540e-5
133.3163765283,5.8859675687,4.529973193806701e-6
1.2682640247,6.1918813219,4.096538543750180e-8
68.9964636290,1.2682716101,1.088039235106021e-5
109.3057739954,8.0295260590,2.722595908957478e-6
23.5087818782,3.6130160795,1.301338347861815e-6
51.1333847743,9.6355635700,1.061347048418583e-6
105.4143739419,2.8722000513,7.340322544221881e-6
62.2344117864,7.5440119853,1.649902251144956e-6
77.2800593262,8.6848747060,1.779647074765982e-6
48.5995899365,9.5235877824,1.020615151492093e-6
54.8094031900,7.2761888395,1.506541526027958e-6
74.6171163791,5.5795087228,2.674684101639249e-6
112.6831625951,3.6869772596,6.112495665784286e-6
44.7279421396,4.7164615112,1.896673683596645e-6
80.0067317947,3.5700751595,4.482075486953340e-6
129.9859474111,4.8626672906,5.346281768532278e-6
97.9737465225,2.8969365069,6.763955391362138e-6
139.7939446047,2.3178793335,1.206222796732108e-5
143.4588097789,8.3861452243,3.421329012120175e-6
11.3851045086,4.8360597710,4.708421751470807e-7
78.1681882541,4.5858165812,3.409128423267529e-6
114.5943975727,4.1445745238,5.529850985372693e-6
143.8998364923,8.1520557399,3.530393831534019e-6
14.4428057715,5.1422653590,5.617293065713831e-7
45.7652956092,1.5321270512,5.974086231779311e-6
74.8095468514,3.6319247049,4.119553841493589e-6
81.4076661394,1.9479208353,8.358416283218974e-6
36.3411519583,8.0830497459,8.991940690898431e-7
43.7389563510,4.5238606747,1.933700416345976e-6
128.4964421393,0.6850459526,3.751469274393561e-5
57.0409417796,5.9618588508,1.913528756969791e-6
134.5030923571,8.4675326506,3.176913462464623e-6
96.5137768052,4.4764273826,4.312089465811322e-6
61.0191775955,4.8140066353,2.535068279661947e-6
82.9461804534,3.2458177633,5.110957330439496e-6
64.7362176960,8.9186317555,1.451707380023787e-6
130.4187714644,7.2116189467,3.616906895068977e-6
6.4955847185,2.8696503368,4.527091426539881e-7
103.6378553032,1.1388269624,1.820080815202927e-5
60.0887559797,3.4863407554,3.447095978064404e-6
94.6442595349,6.3724335320,2.970427515928777e-6
22.0213500226,8.8818218792,4.958746149619976e-7
3.3451216876,3.4696633838,1.928211078475974e-7
120.5154162486,8.1541682816,2.955921734438461e-6
137.8513627450,7.7369330535,3.563462725886963e-6
101.0699004779,4.0377965538,5.006190833630861e-6
132.5061707526,8.0802635560,3.279748731818856e-6
116.4777859723,8.7021883946,2.676976886529201e-6
9.1227488325,8.3741967965,2.178775840640506e-7
100.8123003402,0.6284029974,3.208523853457678e-5
0.3149760361,1.3388488547,4.705176913512444e-8
117.6424547607,8.3848604395,2.806068284834377e-6
102.0227138295,8.6103287095,2.369775121747522e-6
50.0394908066,0.4749651170,2.107080668379108e-5
131.9358385341,4.0293703959,6.548707394564208e-6
131.4866852782,6.3072251708,4.169398799540305e-6
9.0670700010,6.9019770940,2.627383393922668e-7
26.0117693595,0.1855110846,2.804335860909513e-5
46.6831756368,8.9325931502,1.045232327318585e-6
2.2278009536,7.6379672355,5.833491778353072e-8
81.1831586140,2.8596127509,5.677912758524252e-6
145.3773063349,5.8132295547,5.001602120331102e-6
141.0854746663,3.5626415080,7.920273446038296e-6
35.2214382948,0.2783894122,2.530371972199825e-5
27.5899007030,6.7519533779,8.172420382342830e-7
144.3936907001,5.6835531259,5.081106396041972e-6
117.7993419183,1.5078782293,1.562451657314563e-5
87.6388456247,0.9238017630,1.897351772441583e-5
87.1539131665,1.2053888269,1.446071362577871e-5
44.5110217863,6.1815442333,1.440126289051283e-6
81.3214547240,4.0329468908,4.032855226059574e-6
143.7938528560,2.6641169523,1.079486039338131e-5
55.1843393182,1.3908403943,7.935394966276315e-6
116.3693141516,6.4293978334,3.619913315897044e-6
25.9586388892,1.0625116632,4.886278388825036e-6
105.7211550226,5.3888523590,3.923698330546029e-6
83.8001435582,9.4951728734,1.765110434009682e-6
4.8327944352,0.4046201021,2.388805899598651e-6
144.7667412564,7.8373976241,3.694255368909724e-6
149.2955223764,6.0344330804,4.948120905091347e-6
43.1051941455,6.4718430696,1.332084034858036e-6
73.5602897845,3.7370812340,3.936777671020453e-6
17.9241520863,6.5278234428,5.491616690716975e-7
91.4591815510,4.3262819389,4.228073104934066e-6
35.0972912250,2.8333346369,2.477454711342366e-6
3.7434957706,8.2239718555,9.103863282526498e-8
118.6072190142,1.0155012847,2.335934396105432e-5
37.9565222646,2.7864221313,2.724391386277916e-6
45.6052832021,3.2658532925,2.792855595010648e-6
78.4885634471,3.1326969306,5.010926060514116e-6
17.6998400076,1.8510914186,1.912368004013686e-6
13.4875801221,9.5399706272,2.827593637175701e-7
136.4526101294,5.4465205721,5.010634158950585e-6
142.8223829919,7.9373845382,3.598726565531737e-6
81.1739748207,5.8446579443,2.777715157806285e-6
137.8161898905,1.3505852199,2.040836636775324e-5
61.7007606398,0.1577329914,7.823443921827481e-5
108.5339754208,5.2263506713,4.153336897852135e-6
121.9844506724,8.4606226656,2.883580925280577e-6
0.9142047641,2.2079260268,8.281117691400937e-8
133.5606310745,8.5428300564,3.126847430963729e-6
49.1258099623,8.1621593649,1.203745424856273e-6
114.6652266796,3.2520751542,7.051818992148305e-6
113.6604008351,1.6311583899,1.393615746205376e-5
53.4770375357,3.1361460389,3.410366537338240e-6
96.2973240305,5.6036023087,3.436979240316642e-6
138.6136432917,7.5050150824,3.693893796869999e-6
3.4256665971,4.2668874697,1.605698121367337e-7
73.0382516250,5.3984316040,2.705906344019974e-6
104.0434827351,2.0065696712,1.037028359677721e-5
81.8140096085,5.7174509153,2.861905097955379e-6
22.0608514986,8.9445005355,4.932830270606829e-7
132.9935456383,1.7128830222,1.552861974990728e-5
105.1898803564,8.6345742018,2.436481009910696e-6
68.1378740890,0.7415753172,1.837652157620276e-5
142.2017737327,7.3812950336,3.853030480014813e-6
8.3851799399,2.4812368564,6.758871018978052e-7
38.2909734212,4.9455929253,1.548488684752091e-6
73.7240876954,9.2523623663,1.593627330549170e-6
56.4169217779,5.2389877602,2.153733673750838e-6
9.4288580771,9.3200069890,2.023358585081176e-7
131.7021867915,3.1820706823,8.277766268669165e-6
50.6368679838,4.4659229953,2.267700004524768e-6
12.1353362142,6.6330555406,3.659048575698568e-7
58.2469201230,2.8242498841,4.124771002106701e-6
40.4551225367,6.1592778938,1.313631994991704e-6
53.9346728017,9.9106856914,1.088414555387258e-6
120.0567917925,0.4312002625,5.568493446312933e-5
49.0098877992,3.1538741396,3.107916526165541e-6
56.1362987027,5.5465544813,2.024186326566348e-6
89.8721389939,1.3229133697,1.358700290618530e-5
110.9670464317,5.2333688650,4.240750051973363e-6
93.1882498521,0.1532890590,1.215849982572187e-4
102.0903682457,3.9081393025,5.224499964949801e-6
56.3579618544,0.0494227628,2.280647971821424e-4
126.2782880037,4.2177472573,5.987949504799365e-6
111.1141563741,7.1803163732,3.094965475016200e-6
146.7337477956,3.6874719421,7.958501113914271e-6
7.9151748830,3.0247203191,5.233657361936523e-7
28.6665637059,3.6833454037,1.556550394474210e-6
74.5064390019,8.1713919027,1.823592354623689e-6
62.7264220066,3.7577850093,3.338478484111875e-6
24.1120242995,9.2846329910,5.193963902066827e-7
13.6661558312,6.2710704684,4.358476244212905e-7
47.1986336176,3.7976561901,2.485671754134213e-6
93.3758619403,7.6811155930,2.431309900494360e-6
137.1430044494,1.5754327792,1.741020070981098e-5
38.6417361698,7.8058752493,9.900679920134161e-7
122.9725660751,4.7686115585,5.157583693537634e-6
9.7009372378,6.7184866145,2.887834059788710e-7
101.5350742822,7.9086855058,2.567685216673127e-6
22.2490893750,7.8411939920,5.674923843924523e-7
2.1278846233,4.1917561361,1.015271191466974e-7
105.2956197902,5.8515814912,3.598877327392700e-6
15.4299658841,0.0087246585,3.537093384200743e-4
75.5892921752,0.7372899865,2.050463007929914e-5
63.8443350221,8.5662316457,1.490604916201310e-6
98.0028402756,4.7485513557,4.127694234952742e-6
103.5399990959,4.5923845841,4.509204192243906e-6
31.2728036477,8.2861904626,7.548173986324226e-7
126.6342262764,5.2184482612,4.853328803408571e-6
117.3418090061,7.5616837849,3.103589421177377e-6
125.0155424155,6.9073606687,3.619777463850420e-6
79.8861967759,9.9810306655,1.600760471602761e-6
46.5358296929,1.6614129121,5.601958351879402e-6
32.1864424526,7.3946597614,8.705320729104985e-7
107.4913007792,6.8327943740,3.146335010094277e-6
83.4205733454,2.0170578952,8.271510058864251e-6
77.3229404030,1.8398490126,8.405357165101212e-6
123.5395340861,2.1737258097,1.136661611460406e-5
134.2984914966,1.2320999854,2.179993394751154e-5
8.6108199336,9.2869982759,1.854381723290844e-7
65.9843547900,0.6410416563,2.058660436274531e-5
89.4026750992,7.4907847941,2.387004234056506e-6
77.9417151338,8.8370828747,1.763969315192276e-6
134.1465803656,7.8592352995,3.413731113878518e-6
48.1804937111,6.9144428079,1.393618981297467e-6
104.0091512762,9.1522372243,2.272868343058934e-6
15.2874158139,9.2895242220,3.291323742420323e-7
118.6070723718,2.0672006527,1.147513882778110e-5
4.2412872693,0.7529436401,1.126588244768087e-6
72.9656769646,8.0757344556,1.807035071927738e-6
68.2282307921,5.3570515215,2.547230711461497e-6
10.2122233413,2.5794391594,7.918173455813826e-7
91.9951344678,2.7007066874,6.812671283267276e-6
24.5552112792,2.9989713114,1.637575603746013e-6
26.5247097538,7.8183647272,6.785232124464936e-7
4.6028832017,9.9508944894,9.251194868251772e-8
86.4594236194,2.6388081858,6.552914613861619e-6
114.9951889366,6.9255139176,3.320914239862484e-6
103.3740837177,9.0548338845,2.283290561407545e-6
78.1383244540,6.0734038305,2.573131200706382e-6
94.7284295828,7.4889268711,2.529826534911855e-6
134.2275914066,8.6764103894,3.094081201386223e-6
101.8784628371,1.4393479007,1.415619709272971e-5
115.3078669991,9.1550909559,2.518988998675617e-6
139.7036389198,2.2304166126,1.252713400110693e-5
94.8334419141,6.9866633018,2.714699072154994e-6
16.3438624394,3.2312355573,1.011616896988858e-6
51.3838670380,0.4261818557,2.411358735731516e-5
26.8906910473,3.5550632317,1.512810844393616e-6
96.8551901870,2.8611393260,6.770393130130741e-6
25.6081363019,8.2732886720,6.190557906839062e-7
90.6346747755,6.1242532590,2.959860441532055e-6
36.8879417392,2.8438070808,2.594264708576133e-6
4.2943854870,4.2295613861,2.030652871502893e-7
10.1953890019,5.4346084272,3.752023402789966e-7
74.8443585182,3.1559727408,4.743029466021514e-6
9.1025256290,8.5573548639,2.127415719875680e-7
117.3340221525,2.2332617667,1.050786109360901e-5
64.8519985227,2.7820022290,4.662253527019996e-6
19.0060086047,2.1141909280,1.797946283142144e-6
25.6487710659,1.4586744200,3.516723226853278e-6
139.6274664108,6.7115572219,4.160806852866318e-6
145.6544357366,8.7538650941,3.327774284172500e-6
41.7858011927,8.4222457475,9.922721907028115e-7
48.0413095012,6.9096833151,1.390550255642777e-6
48.3871883385,5.3561318094,1.806796025957880e-6
58.4297726080,1.4893040657,7.846587403207905e-6
123.4928117629,0.1733807793,1.424527127743694e-4
44.7896111890,5.2718037102,1.699213918082623e-6
128.8637113830,9.1976404501,2.802103693485706e-6
59.5841169236,6.5083898121,1.830994105882455e-6
83.8441782773,7.4588284276,2.248186269223659e-6
70.0361301031,6.8767780014,2.036887917257324e-6
3.5885588430,7.8597307841,9.131505751378752e-8
108.2529628595,9.6548050484,2.242468124761283e-6
129.9045963004,0.2139117550,1.214562484497570e-4
115.6503459662,9.5750806995,2.415652663328641e-6
74.9653156537,0.3823189529,3.921611266805509e-5
65.6395737695,9.9131951310,1.324286930750033e-6
128.4274638819,3.9255915515,6.543088459326324e-6
136.4278318018,4.0328210992,6.765875720497099e-6
5.7641301927,3.3328444605,3.458985416798156e-7
112.3351315391,0.1330884598,1.688127306024139e-4
58.3705342805,8.1827701914,1.426669279841721e-6
141.6685806909,2.4275450786,1.167175694803317e-5
145.8330848500,7.3795095943,3.952378758684824e-6
42.3548528176,1.8038576420,4.696030532650777e-6
14.3598943165,1.6957244863,1.693658897125935e-6
112.3008289578,7.4726762753,3.005638805189941e-6
49.0783689867,4.8981518588,2.003954569045517e-6
114.7891746808,9.3286331148,2.461007379509760e-6
92.0838955832,1.3494992817,1.364712035494924e-5
87.1199757097,2.7202626249,6.405262117894463e-6
112.0677786727,9.8648778925,2.272056073969603e-6
124.1127846894,4.7050033772,5.275778771593429e-6
112.1142998044,2.5206887758,8.895528942704973e-6
98.7279357157,0.0900045761,2.193842579312109e-4
115.9857708816,6.0143932564,3.856940041597263e-6
123.8587181593,2.2317661800,1.109961422192960e-5
17.8165546684,0.4040923356,8.818061169821213e-6
18.9620054604,6.3506039355,5.971717226589287e-7
50.9279756913,0.1429735639,7.124110824062460e-5
46.0587163334,0.9961756470,9.247107469453289e-6
64.8134748559,8.6735629374,1.494506359696365e-6
11.6705889459,8.9524651072,2.607234723875310e-7
8.3824212111,3.4841803762,4.811703359736349e-7
89.2827774641,5.2911035117,3.374826338814184e-6
15.9400823627,7.3121781914,4.359872515529767e-7
41.7950732153,7.4044716455,1.128914397030225e-6
89.8258994042,0.7219119000,2.488555719965180e-5
103.2171648274,7.7239195781,2.672662856832753e-6
127.1142246232,7.6716198761,3.313882248510721e-6
100.1614221176,6.4265496517,3.117113460460576e-6
5.3350751809,5.8971577143,1.809371714095801e-7
111.0585296335,7.2922167035,3.045947045987618e-6
67.9091773530,8.8658145938,1.531933171730383e-6
121.4101797542,3.9823569404,6.097403199743180e-6
43.3057824522,1.4706940643,5.889162607611107e-6
71.7262402735,5.9857184328,2.396579160165377e-6
32.6475768982,2.0279198031,3.219809466701704e-6
43.1986803597,1.1068242633,7.805878817692193e-6
138.9530132170,1.8350599609,1.514424772816121e-5
18.1041395201,4.2372975585,8.545134850732158e-7
13.0050908285,0.9272939912,2.804955268041742e-6
144.8158972873,0.5460382252,5.304240274989031e-5
31.5561319957,6.4020126580,9.858191066359949e-7
44.1448252807,5.0094855908,1.762449436404170e-6
60.3831173184,1.1918543917,1.013263327122372e-5
34.6021460245,8.7705110557,7.890565510892007e-7
65.7301188201,4.3320959796,3.034564290792435e-6
121.6197398516,3.3392772090,7.284195485303807e-6
88.0426892531,1.4396179610,1.223139633379818e-5
34.1943299956,5.8570231406,1.167635133917213e-6
4.4576106718,2.6442360016,3.371567945638495e-7
2.6057526659,3.6067264890,1.444940543108031e-7
127.8360576875,5.7072761243,4.479757239822932e-6
14.2921563458,8.8232042159,3.239674838310279e-7
23.4503534912,5.2375720180,8.954665791963889e-7
17.8739134629,8.8613665137,4.034121246508402e-7
102.1665630410,2.9754392198,6.867326501609754e-6
0.6387929031,3.7405755562,3.415479214484451e-8
95.8414433446,1.6972129330,1.129397985117682e-5
76.8708594937,9.4369907190,1.629139241162122e-6
2.0050128305,9.9558028643,4.027827504963418e-8
67.7395025848,4.7025470548,2.880970750324776e-6
52.6183304869,9.4226935481,1.116842656896175e-6
45.9710580181,8.7012640707,1.056652404627408e-6
71.3995440675,4.3447199216,3.286727124235193e-6
11.1362461419,0.4669085047,4.770204881114372e-6
80.4691952927,5.6654640683,2.840692106505893e-6
108.4111624400,3.4567396435,6.272451710073091e-6
10.2198232001,5.5651853510,3.672770107571564e-7
90.1442353751,3.3715514512,5.347344489888357e-6
142.8705853603,6.1762225942,4.626471380590941e-6
100.1771231559,7.8121274711,2.564656645117963e-6
6.9368255434,0.8772923915,1.581417007789800e-6
86.2739602931,7.3619384075,2.343783811217960e-6
24.0196471834,0.2613372693,1.838210619651943e-5
100.6779551316,5.6327049058,3.574764054415172e-6
41.5348915237,0.3787732605,2.193126910453596e-5
78.4999750590,3.5102108617,4.472664358480496e-6
87.3493066894,2.3083141542,7.568233858392275e-6
63.2881478879,1.7306008800,7.314008517945032e-6
145.8433757077,3.9587551621,7.368143253935128e-6
124.4436852042,8.5655114192,2.905691887254840e-6
112.2313622858,7.1001065989,3.161399359922126e-6
39.1114583621,6.5836322159,1.188142261880781e-6
125.1059934354,6.3371910587,3.948310608782208e-6
89.6472203969,4.8081801201,3.728946011037447e-6
138.4615491821,8.3128914869,3.331248805537362e-6
51.3339477902,3.7353043983,2.748581765608301e-6
102.6559827294,8.5153028003,2.411094123993269e-6
26.5382115395,5.3879945415,9.850868012277716e-7
113.8046872760,4.6879743155,4.855175375018473e-6
61.4981686597,9.2373501457,1.331511043535443e-6
113.5940600182,6.0633575626,3.746902894796832e-6
52.8697550873,8.8503415455,1.194750616474007e-6
123.9810601250,8.3841114867,2.957524129331496e-6
80.4434814805,7.7771175923,2.068722261838330e-6
130.0506516139,2.4850030102,1.046684056965020e-5
12.3971336937,0.8494900744,2.918723612465974e-6
53.9277856653,2.0623593500,5.229717669213111e-6
52.8396999614,2.0353729052,5.192139467441809e-6
130.7317380665,7.1469291735,3.658403067768786e-6
21.2102348351,6.1512338537,6.896253772701755e-7
97.7761946345,9.2443981539,2.115360957130816e-6
88.4874856206,4.2892100707,4.126050445792492e-6
129.8046854749,1.8782566436,1.382182631118660e-5
51.8737561853,5.2491813900,1.976451272339872e-6
71.4302597006,6.3488348443,2.250184843422502e-6
86.9461309719,6.3948466840,2.719256153220429e-6
21.4919699928,4.9400382961,8.701134972839860e-7
26.1235617774,5.5714266230,9.377692122777610e-7
122.9073009309,3.4806179579,7.062383888047000e-6
143.6276166089,5.1025736915,5.629614594188470e-6
1.9443593565,4.9921871663,7.789609210166386e-8
23.4889327937,7.3044145954,6.431434713041285e-7
113.2418690958,8.9249429886,2.537649130985375e-6
17.6623147283,1.7977618598,1.964922621035637e-6
77.0024603679,4.3782109048,3.517530883827755e-6
135.7541814094,7.9864517261,3.399611894355909e-6
34.5792722564,1.0881538141,6.355585361087820e-6
29.5411182615,5.6287425155,1.049652499823901e-6
49.3656628472,5.5094969451,1.792020699500511e-6
46.9836748254,4.8590265861,1.933871897707679e-6
101.4800281377,5.3702875991,3.779314469301227e-6
136.5177476359,3.7052909598,7.368800405495506e-6
54.5667693283,6.6086306388,1.651379001524767e-6
125.1906239643,9.3700712003,2.672138157497821e-6
67.0975914893,8.3798411115,1.601404861895379e-6
16.0625293458,1.4230721819,2.257444077660333e-6
18.1165718879,3.2695198785,1.108209924458423e-6
67.8186222201,6.9396034712,1.954538829247642e-6
135.2011825409,9.1441745013,2.957099791158835e-6
137.0170515145,9.3925427368,2.917570999747323e-6
5.0646913010,3.1762851888,3.189065842653452e-7
124.1430140702,5.8914777777,4.214325123642365e-6
56.1337728189,1.4213855571,7.898458308947259e-6
113.0042862589,1.2691393379,1.780801884936434e-5
110.1208691035,7.2884876848,3.021775541520408e-6
92.3349311302,8.2960914364,2.225986341594182e-6
32.0583611212,7.8291407705,8.189496666621116e-7
149.6129245492,9.6432512376,3.102956064562191e-6
98.3146312359,0.9960480508,1.974094144554317e-5
7.6082950210,1.3686947008,1.111759257397503e-6
24.0176265375,7.7451908227,6.201945720217410e-7
84.1818519690,8.8474814416,1.902956282515916e-6
114.2809632379,8.6824018193,2.632473493322204e-6
18.9746482185,6.7925446213,5.586904253563213e-7
8.8959308348,5.0427747057,3.528188885693429e-7
116.6844836290,7.4945082344,3.113866313277622e-6
61.0154998159,5.5815267962,2.186337253000448e-6
120.2676088211,0.7783770046,3.090214847479189e-5
12.6745961860,0.3899315511,6.500933894248421e-6
70.7537661712,0.8379662465,1.688702056064240e-5
111.0794093629,5.1776978233,4.290687218698378e-6
62.7161321748,4.9774252561,2.520023062028851e-6
46.9181883463,3.2755263247,2.864772479011132e-6
79.4963213901,1.4549217549,1.092791706814554e-5
147.7543539425,2.9425986393,1.004244017298629e-5
94.0268234663,8.6075175263,2.184760546332247e-6
120.9979301293,6.0420961133,4.005164031186566e-6
96.4214791063,0.9571108798,2.014844489729360e-5
133.4104902589,9.6941216911,2.752399743060417e-6
14.1845944123,3.9717045581,7.142824550437073e-7
137.3608874118,1.8972844126,1.447973603706838e-5
71.2221915431,5.0527093803,2.819168338514539e-6
68.5587386034,0.7704618133,1.779679081383666e-5
14.6708160451,1.3485788864,2.175744584578951e-6
41.2221638830,9.9689176282,8.270138328021432e-7
112.9573430166,6.9776405235,3.237694536869252e-6
88.3088510207,5.2867949610,3.340732964734703e-6
109.0589345265,6.7799421684,3.217105155685252e-6
67.8561042327,9.6641580296,1.404283829484726e-6
17.0195638475,8.1979667099,4.152142707982355e-7
3.9485297925,0.0301352260,2.620541022373706e-5
44.3894202186,2.0451091147,4.341031967316963e-6
131.3344828575,9.2296920349,2.845912569147821e-6
113.4453321338,5.1707325112,4.387979145591425e-6
110.6664771979,7.3169036052,3.024953810231152e-6
20.7037772590,9.4181266143,4.396580786598108e-7
72.7357449773,6.7640836250,2.150645941404328e-6
121.9357968159,4.4424287063,5.489600616169609e-6
62.8877304707,2.8613748773,4.395630294271299e-6
52.9214585369,9.9965276899,1.058796817825745e-6
96.7522323588,5.2913414189,3.657002060518345e-6
51.9551482126,4.6225092459,2.247919709790311e-6
107.4593710908,1.0800566528,1.989883971652859e-5
43.3775407327,9.0780282902,9.556599593206603e-7
32.5063630773,0.6304238608,1.031254211535391e-5
113.0180043764,3.3146624316,6.819276877103596e-6
61.3855359819,5.0899859270,2.412012011932280e-6
51.0776235009,3.5359893523,2.889014553589493e-6
118.0602509166,7.9021076584,2.988069918063543e-6
57.9528698110,4.2763077724,2.710416223316931e-6
99.5782908782,7.5259596999,2.646261602465926e-6
22.5537534212,3.9821271644,1.132749030359150e-6
101.1865842480,5.3861764983,3.757269531748891e-6
4.0624583723,7.9728786071,1.019069415827176e-7
106.5550177716,3.9594255478,5.382347337316375e-6
0.8616474907,4.8693210261,3.539086809195570e-8
66.2557670483,6.0836436114,2.178160697123312e-6
41.8157937442,5.1897858322,1.611465100711191e-6
10.4785291295,3.4606521350,6.055811864755775e-7
134.2369021204,3.6651376914,7.325067346515918e-6
52.5082626350,5.5164488338,1.903697984589895e-6
70.9854110337,2.5122903554,5.651051510094865e-6
119.3532755734,9.4528906061,2.525222824362397e-6
120.3289740997,8.6035704972,2.797186915343013e-6
118.7901531258,6.7597300688,3.514641913714201e-6
40.0388742719,3.9319236668,2.036604861386870e-6
82.3794842985,2.3429885009,7.032000734826315e-6
149.6588638073,8.4118667995,3.558279449144728e-6
32.4674985837,1.5500946998,4.189098716028018e-6
147.9596601056,8.4355834677,3.507988763838535e-6
98.9997359584,8.0042149281,2.473690095714402e-6
77.5011755762,5.4055729016,2.867454643083681e-6
110.1927941259,8.3906363178,2.626565851552134e-6
121.8277867780,6.7282523978,3.621379804904389e-6
57.4186922631,4.7686834295,2.408157014927940e-6
44.9138642721,5.4518548291,1.647654447168861e-6
148.8403062224,1.1525436194,2.582814285217430e-5
101.2439366224,4.9206196426,4.115088910618118e-6
100.7242705800,7.4027327497,2.721272643115077e-6
30.2435901466,4.0164624395,1.505981475094591e-6
113.3660062330,6.6415641401,3.413834567951942e-6
48.8957980679,9.4314941475,1.036862183303620e-6
48.7399567742,1.6620564960,5.865018053248392e-6
96.2877428616,0.4309753310,4.468364471547530e-5
9.5646991639,5.9648931483,3.206997653147865e-7
6.9171758723,6.3758089998,2.169819037088990e-7
5.0705306491,8.1191756517,1.249025976688280e-7
131.8004635786,9.8575374815,2.674105248408169e-6
143.8185795571,1.4565955614,1.974722199720095e-5
114.7716893705,0.4823021889,4.759326912063625e-5
46.9938330007,6.7975385375,1.382672058163152e-6
145.8054904990,6.2494724207,4.666169579890074e-6
87.7181222617,4.6760918362,3.751770723653692e-6
135.5864887859,5.7164596021,4.743722451449707e-6
130.6254506947,1.9299739863,1.353649858704147e-5
123.2206149335,5.9609810528,4.134239442881497e-6
13.7225812569,1.9799155954,1.386178409675230e-6
114.3039268557,5.5931797055,4.087261016981767e-6
22.9425862750,6.3588112805,7.215998482418348e-7
83.1653600599,6.5221015394,2.550262658684896e-6
99.3214400438,5.4812069110,3.624071911769079e-6
115.9580446895,5.3740702162,4.315464444096810e-6
81.3226957855,4.6614042901,3.489192986648089e-6
69.7331525339,2.1021268335,6.634533313876115e-6
15.0134746455,1.3568820571,2.212937309724653e-6
96.9832709997,5.7311549384,3.384423280874606e-6
1.4669575046,1.0703345463,2.741119605379673e-7
63.8028584198,9.7123797999,1.313846034324598e-6
116.4747176602,9.1101580788,2.557029563110202e-6
48.0507998258,4.6144099506,2.082641132475584e-6
13.3015429614,6.3948121279,4.160104376894598e-7
28.2159898303,3.0809191908,1.831660493709754e-6
43.0343666738,8.5710903882,1.004174841811418e-6
88.8287369281,1.5156557613,1.172149233336452e-5
52.7952596965,2.7947875373,3.778123309388707e-6
31.1761944084,7.9563214498,7.836836308077601e-7
97.1356515334,0.0532030055,3.651509932461171e-4
99.5389053672,1.4760204164,1.348746999185532e-5
52.4796337143,2.5338716547,4.142248769147678e-6
36.2326587987,4.5476382491,1.593471459865226e-6
37.5055975538,4.7783569962,1.569811447074932e-6
95.6604945287,9.1238793030,2.096925909521687e-6
40.4758047157,7.7891432048,1.039287727847136e-6
92.7280266901,3.2334932315,5.735470591761329e-6
10.3234266711,5.0444489754,4.092984871677831e-7
74.0492529005,7.9863434209,1.854396912273186e-6
111.7880174553,3.6742351905,6.084967981619959e-6
55.5399431409,7.9813958989,1.391735076035125e-6
1.6394119940,6.3370772879,5.174031874610806e-8
90.4692333127,4.0267199248,4.493445533977534e-6
89.3646490260,4.6137516662,3.873838710469583e-6
105.4703120108,7.9029094778,2.669151463953841e-6
117.4365290072,2.4412588743,9.620981227531164e-6
114.4211806347,0.1470799442,1.555904596831054e-4
146.1315791325,7.4314460237,3.932789894896189e-6
87.3819140583,1.9676458464,8.881874166474935e-6
36.7846119507,3.0500225123,2.412087897891367e-6
17.6583844438,7.8246296611,4.513538712666355e-7
106.5734157964,8.7729210368,2.429599339805191e-6
95.3487390515,2.5713863787,7.416134723317333e-6
106.7714512328,1.3411227068,1.592269681040046e-5
43.7511540157,0.0812942293,1.076365552791938e-4
117.1826283922,6.0464311295,3.876092388448047e-6
103.9299832001,2.2697586931,9.157800211732318e-6
117.0776957135,5.3918863095,4.342736066512159e-6
7.5493858114,9.6278234285,1.568243511631556e-7
65.4766484965,4.9910868628,2.623743096276773e-6
26.2654644914,3.6625453648,1.434273810985125e-6
96.7932670630,1.7506753229,1.105782046484774e-5
98.3839126820,2.4509883281,8.028101280858341e-6
4.0920786327,9.3608706745,8.742944486734566e-8
9.7680326050,9.1817077737,2.127715855425019e-7
142.0314795634,9.1485671772,3.104999434621985e-6
22.7791472368,9.0985021259,5.007230183939072e-7
98.5398602315,1.6768022595,1.175330718638808e-5
14.5089197461,3.1717052973,9.148970907633693e-7
13.8198203278,9.6588615357,2.861583692195257e-7
36.8945798262,3.6813928284,2.004381577625396e-6
70.0720684154,2.2550103959,6.214788946776155e-6
18.1809839660,6.4597970471,5.628964449918353e-7
120.1109194186,6.3824025255,3.763815238528962e-6
141.3224211899,8.0586462958,3.507348902099703e-6
142.0547926598,6.8574741095,4.143064644269154e-6
81.6130907297,5.8418542599,2.794081711007141e-6
109.1010804948,5.8328251043,3.740934402917179e-6
64.2957555206,2.4598662245,5.227581474207531e-6
30.0119228987,6.8172176549,8.804742467659646e-7
128.2277276337,3.1043681340,8.261116085498667e-6
103.8101817855,8.4776423825,2.449034226775679e-6
49.3442994618,5.9534544541,1.657669504058964e-6
95.3320819100,9.4383870486,2.020092658182045e-6
138.6014833806,4.1243057173,6.721203173697708e-6
85.1533605931,7.2071070208,2.363038604742334e-6
44.5003578564,3.6336383633,2.449355351671067e-6
67.3860919160,7.3612546303,1.830831707374318e-6
143.2676237973,7.0613390476,4.057803281558001e-6
79.1984220562,9.5420160321,1.659993481238457e-6
140.2225901537,8.6028039396,3.259927603551702e-6
82.1676089884,0.4832920550,3.400329392461842e-5
139.4000785569,1.8257458012,1.527048053058832e-5
10.8674851590,6.4944990821,3.346673860967392e-7
36.8003643589,9.7931954068,7.515496797609117e-7
19.7984379034,7.5978858730,5.211564962741504e-7
22.8630560932,3.1216343919,1.464813185821631e-6
123.7378251602,2.2733651088,1.088587351678494e-5
115.2973862672,2.9294894697,7.871500304780233e-6
80.6884472866,3.0535892461,5.284826529355939e-6
89.5453758016,9.6507482922,1.855718812470313e-6
139.0085490571,8.0097530024,3.470982164243656e-6
2.9042181342,3.7348356160,1.555205333112422e-7
114.4522832861,6.6831272667,3.425111589803476e-6
135.5567078408,0.3415698507,7.937275936116425e-5
39.0259208261,9.0476638965,8.626739735772877e-7
106.6604031517,1.3304266702,1.603401458195289e-5
39.0464336588,2.6826775355,2.911004631938162e-6
34.5183176607,4.3572741305,1.584399632727767e-6
144.9583345569,8.9377124368,3.243745770109815e-6
117.4120877723,0.8263836390,2.841587907417496e-5
50.9354808143,5.6132731687,1.814822805989029e-6
50.9049754411,0.7328882885,1.389160564859156e-5
105.2722150433,3.2595818412,6.459246625557480e-6
56.1595156177,9.6017794406,1.169773081436127e-6
48.0409202102,4.2554553987,2.257850956433709e-6
78.3146331593,3.6180163903,4.329147505799448e-6
125.9930322559,7.0461607693,3.576217925808226e-6
72.4199669960,6.8655041977,2.109676577576579e-6
102.3766901310,6.2890839077,3.255694839935506e-6
56.3901799597,9.2988872555,1.212837158040069e-6
50.7395240010,1.7166155651,5.911576829886108e-6
89.3867951334,2.3679731455,7.549646017083339e-6
127.5534777187,7.7941980244,3.273036618262835e-6
16.4194108594,6.4837223176,5.064810013479597e-7
79.0041311990,4.0639654327,3.888031653158229e-6
145.9059135868,2.8127775288,1.037450790865854e-5
137.0855094198,8.1838236634,3.350157947148920e-6
99.2016714918,6.2855261186,3.156511312517538e-6
48.7357977681,5.1322183844,1.899209819907090e-6
35.9088228944,2.5343040537,2.833821209605913e-6
54.7496103371,2.5650621769,4.268871985277847e-6
114.2809487792,3.9769604249,5.747150414875191e-6
21.3187964613,4.1302711896,1.032319452300404e-6
24.6281749314,2.8549391588,1.725302961717352e-6
37.7535606363,5.5470646551,1.361208602511531e-6
140.9798962795,8.3826748804,3.363601673477366e-6
60.4453907214,7.1799798123,1.683720353033649e-6
106.7739200920,7.0131329044,3.044970672813687e-6
80.5116811418,3.2026263242,5.027853579712676e-6
130.4333571840,8.1874459199,3.186179388807352e-6
128.2025784588,2.5235206261,1.016061268806327e-5
29.8274813739,9.8912962428,6.031056120780864e-7
32.9540664281,8.8964614057,7.408353709448196e-7
103.3963755672,8.7528757207,2.362569259887734e-6
135.4174682501,9.0036350133,3.008062144895603e-6
147.4452134287,8.4042592844,3.508821145069061e-6
11.9756559584,9.9610024778,2.404508177775552e-7
105.1822962902,5.6147559409,3.746638229630615e-6
48.2113021301,2.0683757422,4.661754742732043e-6
117.6237645157,2.3631220370,9.954946268055387e-6
78.7139734185,8.1962010272,1.920742869962046e-6
71.9149621134,0.2006301813,7.168907655304072e-5
121.7558507170,0.5686402392,4.282350854324185e-5
50.4197285960,6.7257316694,1.499308360014620e-6
61.7431207191,3.7221661542,3.317590787781734e-6
132.1675808780,7.5355961833,3.507820155509696e-6
107.3759899157,7.6619039233,2.802853990110181e-6
72.9869496041,4.2101270726,3.467208867807312e-6
138.8138291239,8.3333410570,3.331528811192621e-6
5.1541362981,9.0072030077,1.144447681196555e-7
97.3236015258,5.0474253302,3.856366173206183e-6
15.8412736938,5.8786842864,5.389394266469268e-7
132.2568015734,4.6762998473,5.656472249099467e-6
140.6717490916,7.1915493756,3.912140256398681e-6
64.2982032399,8.0891554518,1.589738350876744e-6
116.7141434717,2.8658817517,8.145077402754191e-6
138.2388603073,4.3151613788,6.407123542925523e-6
34.0138747998,7.3855772583,9.210891338680223e-7
15.1960126324,4.9497718083,6.140086137664211e-7
53.5989982178,2.8167475037,3.805736804463437e-6
18.5747811244,4.7743446607,7.781080941698068e-7
62.8937254762,2.3284790111,5.402129474014025e-6
118.1826102628,7.3947154035,3.196407266920484e-6
19.9571431809,3.5967838255,1.109721581775161e-6
111.5910306884,5.5427794125,4.026536954983061e-6
3.2587804451,3.2760333560,1.989467194606248e-7
32.0531018697,8.2361766013,7.783490670807547e-7
32.3800711282,4.4777904425,1.446252188166522e-6
122.8285356768,2.5893266145,9.487295653619760e-6
39.5493831909,9.4675631753,8.354712286288438e-7
28.5950215014,7.5399487003,7.584937945284954e-7
15.0067432086,7.8830095190,3.807363969934084e-7
104.8296043687,7.2750060157,2.881911139118780e-6
59.0032772427,4.7048615036,2.508183384250869e-6
147.4599284676,9.7669923590,3.019556544083020e-6
87.6313372636,0.9467112880,1.851279019873363e-5
50.7967982701,7.7628817726,1.308709826022451e-6
119.8886339957,5.2696340101,4.550169281780908e-6
78.2207395185,3.8110036918,4.104994161312367e-6
143.7438202311,3.9758638544,7.230822055120230e-6
43.9295027244,3.7371943648,2.350934869114958e-6
45.6771316471,5.3576959025,1.705103554904826e-6
66.3420208200,1.0850594095,1.222827436708266e-5
148.5422478627,8.4160579158,3.529972092593041e-6
96.2133507317,8.7708994056,2.193922111800330e-6
17.5369682714,5.8509331852,5.994588458344432e-7
6.3159140007,4.9422671755,2.555877202265319e-7
42.6800734730,1.5491373596,5.510172898200337e-6
18.7223274626,5.9074390273,6.338559695994337e-7
100.2846146882,8.7824356668,2.283754040285966e-6
9.5458452410,8.1599050768,2.339695168310065e-7
62.9671932109,8.0102078865,1.572173758855985e-6
141.5534259701,4.8179471802,5.876088743797546e-6
118.3868811087,4.2858138699,5.524592747199215e-6
2.5581772358,8.3465390821,6.129911357583871e-8
46.4996448719,9.0967049925,1.022340394903624e-6
112.5746978194,2.1035833116,1.070313661439346e-5
1.2543255332,0.2289735448,1.095607384873702e-6
109.2570258435,7.0384794477,3.104563326638443e-6
39.7795612266,4.9447734858,1.608953831390274e-6
25.4490331368,9.3477278367,5.444966644590850e-7
95.5381286692,6.0633898991,3.151310743949789e-6
3.3208294005,3.2658895916,2.033644621055253e-7
142.0572753277,1.2461568610,2.279926063531325e-5
94.5337825997,7.0642606412,2.676395659838857e-6
146.9164240573,6.5259806665,4.502508712932688e-6
121.2152762870,7.7110716141,3.143928168566124e-6
91.9138239281,3.4389775280,5.345415791792750e-6
101.2680782039,0.2272103129,8.914038885256555e-5
110.4080751612,5.2334774977,4.219300654667407e-6
3.0025047619,9.5181344462,6.309019438347284e-8
76.7897926551,8.7673127429,1.751729290527121e-6
93.2650384715,4.2954214282,4.342532626023935e-6
33.5207425934,5.0202090813,1.335432132423325e-6
7.0241814213,2.9090936683,4.829120146772693e-7
113.1683260670,0.4123113884,5.489459144146786e-5
80.7062433636,6.5226362694,2.474651046900455e-6
7.7752077488,0.9359611969,1.661438054240795e-6
137.2048784406,8.3937536761,3.269213840076519e-6
135.7444560116,1.9073047277,1.423416552593667e-5
18.8389235593,0.3614100519,1.042523497101003e-5
137.2606294721,3.1902563555,8.604990582460486e-6
68.7888945345,0.7752860995,1.774542187261199e-5
55.1365832339,1.8728568623,5.887965529483010e-6
99.3631990892,0.8935052747,2.224121153116323e-5
66.1574866375,2.5699418746,5.148558984307658e-6
147.1207163924,6.5887621119,4.465807503579938e-6
140.4072892937,6.1585761648,4.559732169800203e-6
94.7042195813,9.5094632670,1.991788956377291e-6
133.7832876373,8.8468595749,3.024424350918069e-6
110.3167842911,4.0121967369,5.499071532339831e-6
19.9000772328,2.7368609218,1.454226414980450e-6
43.8727887195,8.7420312897,1.003720697521941e-6
30.4089483905,7.0653457030,8.607915215649420e-7
44.3540417967,9.9852088029,8.883948783092644e-7
18.1586921318,0.1205131040,3.013563095737764e-5
44.7318134116,2.5831798101,3.463313954157947e-6
16.3461879138,8.2559536187,3.959854589479216e-7
148.3591534357,2.5771071621,1.151361927192605e-5
75.2902013757,1.6656090350,9.040561115292002e-6
109.3426298689,5.3428587974,4.093038353240067e-6
28.0934056507,0.7810367658,7.193875340938538e-6
133.6976559941,3.8959880741,6.863350372287005e-6
134.9823900820,7.0006249489,3.856295432685169e-6
80.5763994997,0.2110153329,7.637018447371045e-5
110.4720566721,4.1117856555,5.373434606173846e-6
35.0994932222,7.5584774101,9.287450717379766e-7
94.6583990301,0.9757918715,1.940135018407944e-5
122.4211587750,9.8423104669,2.487650825211618e-6
24.6079268100,6.3319768486,7.772589002844100e-7
7.5741027728,9.4037620894,1.610866523583386e-7
141.1790077872,2.5498681323,1.107343599441354e-5
117.2969605036,9.8060211189,2.392345663569097e-6
72.6176849182,3.4296584796,4.234688984401851e-6
12.2480074468,4.5445095327,5.390243923433454e-7
126.4512190233,2.3272827775,1.086685470661822e-5
73.9602250845,0.7263068581,2.036610952034546e-5
126.9750005643,0.9736670049,2.608181234851818e-5
106.1837814808,0.7560435070,2.808933096925873e-5
124.8058757341,0.2954577383,8.448306445046009e-5
52.2807338059,1.6118850511,6.486905970184392e-6
128.9681852874,0.8799886796,2.931132826619425e-5
36.5357271922,8.3408810861,8.760639748936064e-7
98.4723734539,2.8327030031,6.952537794884665e-6
53.3516716787,0.1324962285,8.053311749166120e-5
73.9368286797,3.7531700006,3.939966943525910e-6
92.7522987443,3.0447020685,6.092701135074289e-6
27.4754224302,1.6326454484,3.365754941646548e-6
87.0364053868,6.6605964308,2.613471820146882e-6
76.5561593239,3.2880599252,4.656615820058027e-6
2.1171539842,5.5647336781,7.609183499652715e-8
74.0390888204,8.7594868362,1.690489185157222e-6
62.5242046659,3.3081725538,3.779984486802021e-6
121.2451626287,1.6449029866,1.474192260793653e-5
142.2280327143,5.4330175776,5.235691977124553e-6
65.0466994391,0.0376494887,3.455382888144330e-4
17.4804111581,9.5140072160,3.674668467500259e-7
65.6119198747,1.3803480718,9.506576089917559e-6
81.3040097064,6.5231403702,2.492787372085495e-6
96.7191613157,8.3063005602,2.328814388897047e-6
53.5432428233,8.0508229523,1.330130923026624e-6
54.5326134474,9.7871652458,1.114369934046459e-6
36.6584586713,9.2053757322,7.964576294909380e-7
